0,1,2,3,4,5,6,7,8,9,10,11,12,13,14,15,16,17,18,19,20,21,22,23,24,25,26,27,28,29,30,31,32,33,34,35,action
1.42,-1.04,-0.0608,0.4226149074512161,0.05000000000000002,0.22108799999999998,1.85,-0.59,0.2604000000000001,0.5589452924929237,0.030000000000000013,0.3422880000000001,0.46,-0.62,-0.056799999999999996,0.16047978065787602,0.030000000000000006,0.080144,135.64,-310.88,-23.759399999999996,66.04128885507913,11.45,40.68506399999999,247.05,-89.33,26.815999999999995,60.454235550538556,17.245,42.87415999999999,124.5,-262.19,-34.1236,91.94899363799476,5.3475,66.514704,0
0.65,-0.56,0.18360000000000004,0.22822585304912324,0.16749999999999998,0.160944,0.83,-0.43,0.21600000000000003,0.2946794869005985,0.19499999999999998,0.20991999999999997,1.93,-0.15,0.21800000000000005,0.2901310048926174,0.245,0.15864,72.04,-82.42,-5.8066,36.8779489999105,30.952499999999997,27.1498,204.18,-153.13,-0.2482000000000012,73.99191465802193,66.89,52.31427199999999,81.25,-67.73,0.2985999999999996,28.697704856660575,22.56,19.558144000000002,3
1.88,-1.19,0.10279999999999997,0.5439376434849862,0.5375,0.3963839999999999,2.39,-0.7,0.6348000000000001,0.9789325615179014,1.4275,0.8525280000000001,0.45,-1.57,-0.1386,0.3935175218462324,0.3,0.271808,213.67,-318.8,-17.2324,100.96371468126556,45.489999999999995,61.629664000000005,227.15,-165.22,-7.991400000000001,78.92189189344107,56.035,53.06888800000001,279.34,-261.97,6.268599999999995,132.17070348621135,52.4775,85.54271999999999,0
0.94,-1.65,-0.0462,0.47742597331942466,0.40249999999999997,0.34196800000000005,1.75,-1.0,0.3682000000000001,0.6115412986871778,0.6900000000000001,0.4828240000000001,1.17,-2.21,-0.02580000000000001,0.6217783849572129,0.4175,0.40184,224.14,-321.59,5.266599999999998,133.67135712051402,48.52250000000001,86.06271999999998,270.81,-239.18,10.3574,103.33604284682089,46.8725,70.373264,284.05,-232.83,16.826200000000004,106.87094463679078,23.955000000000002,63.565631999999994,1
0.39,-0.69,-0.1242,0.21787234794714083,0.1325,0.151504,1.0,-0.67,0.16920000000000002,0.3566333691622252,0.18749999999999997,0.23940800000000004,0.14,-0.62,-0.21200000000000002,0.17328589094326172,0.19749999999999998,0.13984,155.8,-220.54,-2.7382000000000004,76.4264698305502,52.599999999999994,51.192232000000004,272.16,-250.63,8.759399999999998,101.55335790430566,54.474999999999994,67.76605599999999,95.37,-66.68,3.5444,30.631422308472715,17.425,19.184624000000003,3
1.59,-0.67,0.4086,0.4229799522436022,0.645,0.3600320000000001,1.88,-0.99,0.5628,0.6023986719772878,0.8925,0.51696,0.47,-1.14,-0.08839999999999996,0.3509265450204644,0.33999999999999997,0.278624,95.01,-191.9,-9.103000000000002,38.31467443421646,25.6775,22.211240000000004,154.84,-127.2,-2.3358000000000008,53.80626134902889,56.807500000000005,38.77816,238.35,-257.24,3.4393999999999996,95.23048109528797,39.7725,57.984528,2
1.16,-0.35,0.3898,0.37257208698451905,0.5674999999999999,0.33177599999999996,1.78,-0.14,0.5611999999999999,0.5557252558594039,0.88,0.49184,0.31,-1.3,-0.14839999999999998,0.39566329119593596,0.5275,0.32668800000000003,71.5,-186.85,-11.793200000000002,37.621972752103254,24.03,23.447168,139.0,-135.53,-5.2416,58.09846419174951,56.442499999999995,41.00825599999999,261.46,-244.93,7.881,94.3068013719053,21.057499999999997,57.38835999999999,2
1.09,-0.75,-0.0028000000000000004,0.4222986620864433,0.5549999999999999,0.321136,2.28,-0.29,0.7040000000000001,0.8956360868120489,1.4375,0.7956799999999999,0.82,-1.24,0.038200000000000005,0.4138390508398162,0.4725,0.302448,225.13,-248.33,3.188999999999999,109.29395356102734,38.277499999999996,70.3862,268.99,-200.69,11.634000000000004,82.18500727018281,57.265,53.07656,224.52,-260.82,-10.7216,113.94744770042021,61.37,80.801248,0
0.3,-0.58,-0.1066,0.19685131444824033,0.2275,0.155824,1.05,-0.75,0.1586,0.3280915116244247,0.07749999999999999,0.19241600000000003,-0.06,-0.95,-0.293,0.1927096261217898,0.27749999999999997,0.16096,154.66,-207.02,3.4591999999999983,65.67300400743063,44.557500000000005,41.71371200000001,261.2,-250.46,11.911200000000001,86.68557244755323,38.7625,55.404928,101.3,-79.4,2.9935999999999994,27.361556078556642,17.22,17.52952,3
0.43,-0.79,-0.1332,0.2153828219705555,0.1525,0.14520000000000002,0.92,-0.51,0.20360000000000003,0.33247411929351733,0.1625,0.22264,0.2,-0.98,-0.285,0.23395084953895764,0.2175,0.1718,124.84,-223.76,-3.7972,68.15322525134081,46.2175,43.576111999999995,270.43,-273.28,-0.25780000000000025,122.11105817721833,50.71,77.33992800000001,92.14,-41.62,14.0636,32.93838355232388,28.4725,25.225808,3
0.31,-0.8,-0.15239999999999998,0.21078481918772046,0.18,0.150304,0.85,-0.73,0.18460000000000001,0.31337651475501477,0.18,0.205368,0.04,-0.94,-0.2964,0.21101431231080037,0.1675,0.15815999999999997,118.67,-212.17,-2.431199999999999,72.62208048906339,66.8575,49.105855999999996,261.18,-273.41,5.870199999999999,104.9828831474922,32.9825,67.15064799999999,83.92,-51.86,5.0288,25.75747942947834,26.245,19.144256,3
0.3,-0.44,-0.1,0.15490642336585014,0.13749999999999998,0.11760000000000001,1.24,-0.64,0.18439999999999998,0.38449530556301986,0.2075,0.25838399999999995,0.06,-0.96,-0.3046,0.2540331474433996,0.3325,0.21511999999999998,121.96,-231.4,-3.4703999999999997,66.25721614918635,22.94,37.348384,205.69,-137.1,8.543400000000002,59.42531533311372,48.6725,40.79756,103.36,-67.52,1.631,35.444368762893774,18.985,23.48312,3
1.1,-1.65,0.21080000000000002,0.3849978701239788,0.28750000000000003,0.23219199999999998,1.36,-1.04,0.21420000000000006,0.4821040966430383,0.29000000000000004,0.35404800000000003,1.68,-1.79,0.0492,0.8335342584441265,0.47,0.5955839999999999,224.6,-319.08,-1.123399999999999,138.49371973645592,79.69,95.54404799999999,270.61,-271.11,-19.458399999999997,114.87780771515446,67.2075,80.39923200000001,123.14,-224.28,-23.53,73.2757292969507,50.575,53.9888,1
1.48,-1.47,-0.028600000000000018,0.5431132846837757,0.1575,0.326416,1.9,-0.63,0.44639999999999985,0.6439681979725397,0.84,0.5539359999999999,1.64,-1.89,0.028999999999999998,0.6718161951010112,0.25,0.44420000000000004,130.9,-319.4,-39.9268,98.98007762049896,58.6925,71.38739199999999,269.34,-272.76,-17.493000000000002,98.05392402652737,58.72,64.00876,285.4,-259.96,0.2396000000000008,136.45561700362504,44.34,88.69932799999998,1
0.95,-1.19,-0.036,0.39469481881575286,0.305,0.28,2.41,-1.04,0.5184000000000001,0.9364835503093474,0.695,0.758896,1.09,-1.67,-0.0021999999999999876,0.5157336134090932,0.39499999999999996,0.37028,225.13,-319.61,0.9982000000000011,108.32931855578157,40.279999999999994,65.424536,272.2,-265.29,11.7908,94.59976255445888,36.065000000000005,55.67776,233.28,-261.1,-7.764600000000001,116.34488116303184,38.4675,75.429392,0
0.89,-0.56,0.2018,0.3303070692552613,0.3825,0.26867199999999997,1.19,-0.8,0.24820000000000003,0.4829065748154605,0.48500000000000004,0.38435199999999997,1.71,-1.7,0.1456,0.8565048978260429,0.6124999999999999,0.605376,224.6,-320.62,3.872399999999999,136.11763868889292,64.39750000000001,92.42097600000001,260.42,-271.37,-9.03,104.92474733827096,76.525,73.576,144.9,-228.44,-19.3792,71.07717219586047,69.175,52.07694399999998,1
0.87,-0.24,0.1512,0.21691141048824517,0.185,0.15644799999999998,0.98,-0.65,0.19459999999999997,0.33797165561626613,0.445,0.250752,0.51,-0.23,0.14079999999999998,0.17587313609531163,0.24250000000000002,0.142832,125.25,-94.22,-3.2916,48.745111318367094,52.01,36.578,271.28,-176.45,1.1170000000000002,96.46645483793834,66.495,63.250719999999994,85.05,-103.47,1.2619999999999996,32.49619793145038,27.005,21.50608,3
1.6,-0.7,0.34319999999999995,0.42489735230994324,0.6075,0.365056,2.38,-1.01,0.523,0.5998308094788062,0.7274999999999999,0.49455999999999994,0.42,-1.44,-0.0908,0.37577567776533916,0.42999999999999994,0.29616,94.12,-113.19,-10.711000000000002,43.4676178436316,42.3025,31.4824,140.94,-161.71,0.4055999999999973,63.35907300963296,58.182500000000005,46.018528,268.61,-252.3,2.8369999999999993,102.31571074375626,27.85,62.278279999999995,2
0.57,-0.98,-0.111,0.27848339268257993,0.32999999999999996,0.21568,1.72,-0.12,0.6004000000000002,0.5782316490819229,1.0675,0.51928,0.4,-2.13,-0.4099999999999999,0.6283311228962003,0.91,0.5212,128.49,-314.45,-8.552399999999999,71.60540657129181,29.252499999999998,39.540271999999995,271.88,-253.17,-10.7174,97.26568134362705,82.07499999999999,67.897784,181.5,-217.21,-9.8238,69.86196844893507,25.1875,40.742616000000005,2
0.79,-0.92,0.07440000000000001,0.318252478387836,0.355,0.24396800000000002,1.53,-0.64,0.622,0.5909551590433914,1.195,0.53128,0.39,-2.11,-0.5975999999999999,0.6359199949679205,1.0299999999999998,0.579712,161.79,-272.35,-6.364200000000002,71.21174083225323,46.735,47.14009599999999,272.08,-273.34,-2.32,107.39650575321342,65.185,72.71359999999999,244.64,-169.98,-1.7394000000000032,68.68078250602565,29.0225,42.662928,2
1.5,-1.08,0.03159999999999999,0.4395150054321241,0.1575,0.288704,2.5,-0.86,0.42120000000000013,0.8305579811187176,0.18000000000000002,0.6330720000000002,0.48,-0.48,0.007400000000000006,0.18948150305504755,0.07750000000000001,0.124544,55.44,-298.93,-31.1702,71.17670398353664,20.667499999999997,48.34711200000001,167.71,-216.8,-5.348999999999997,74.68292689095681,26.3525,46.85283999999999,285.15,-259.96,7.082800000000001,122.58769067145363,32.94,74.269296,0
0.65,-0.68,-0.04479999999999999,0.234625147842255,0.1525,0.15576,1.61,-0.09,0.7210000000000001,0.6109705393879479,1.295,0.5650799999999999,0.15,-2.14,-0.6008,0.6175073764741601,1.0375,0.5520640000000001,144.58,-213.03,-7.2424,59.9741210376609,16.14,32.94368,270.59,-269.99,-6.457600000000001,95.82231426051032,37.18000000000001,56.77232,285.97,-245.74,-4.170599999999997,87.4638866369429,11.912500000000001,44.91484,2
0.91,-1.22,0.017200000000000003,0.40858311272004383,0.2625,0.270832,2.53,-1.06,0.5193999999999999,0.9679037348827622,1.005,0.8007119999999999,0.71,-0.59,-0.05039999999999999,0.22520177619192971,0.115,0.144352,223.21,-319.92,-3.6982,103.69169119442502,16.8425,56.216632,212.95,-271.54,6.2735999999999965,91.10617194811776,36.022499999999994,55.12828799999999,280.09,-256.74,-4.965999999999999,119.51240673670662,24.7,74.65335999999998,0
0.96,-0.98,0.0802,0.3768845446552565,0.36250000000000004,0.29308,1.68,-1.01,0.389,0.5603079510412109,0.765,0.46796,0.96,-2.2,-0.03480000000000001,0.6044741185526473,0.42,0.36483200000000005,224.14,-319.39,-11.4606,120.2478185816275,30.475,73.784392,255.14,-161.57,8.2128,79.3727117853485,50.120000000000005,51.968784,191.1,-189.04,5.428399999999999,66.79033529965245,23.005000000000003,38.7724,1
0.28,-1.01,-0.0736,0.24231186516553413,0.2225,0.17464,1.65,-0.48,0.5284,0.6299376477080887,1.2125,0.569152,0.65,-2.16,-0.44980000000000003,0.6464224315414805,0.7975000000000001,0.513736,125.96,-322.5,-36.5352,91.07573429273025,59.917500000000004,65.13668799999999,271.91,-271.66,-1.1566000000000007,96.82295456367771,35.29,58.16804,74.18,-250.73,-18.232,65.09243218685256,22.8375,41.534639999999996,2
0.95,-0.73,-0.011600000000000006,0.4228302732775883,0.395,0.334224,2.26,-0.63,0.5848,0.8708966413989664,1.1524999999999999,0.7533279999999999,0.3,-0.49,-0.09040000000000001,0.19197874882392582,0.22250000000000003,0.150112,66.39,-164.02,-15.586400000000001,44.277258305364846,26.972499999999997,29.698192000000002,108.18,-120.08,-4.6078,45.99861990494932,57.17,36.342512,285.14,-260.08,6.276599999999999,134.79608501154624,33.955,88.43204800000001,0
1.43,-1.04,0.364,0.45399118934181976,0.63,0.38016,1.45,-0.92,0.6327999999999999,0.6160845396534472,1.2175000000000002,0.559712,0.38,-1.43,-0.13360000000000002,0.43288224726823804,0.7575,0.379776,74.79,-168.62,-19.1474,52.12650660882618,38.005,38.815456000000005,222.86,-151.92,1.6048000000000002,76.05925451225511,43.677499999999995,49.893344,252.42,-252.6,2.9199999999999977,95.9231915232182,30.8925,56.4464,2
0.53,-0.87,-0.15280000000000002,0.24315460102576714,0.19249999999999998,0.16944000000000004,0.97,-0.47,0.1924,0.3113426408316085,0.16749999999999998,0.21147199999999994,0.07,-0.84,-0.24960000000000002,0.18692201582478185,0.27249999999999996,0.152336,131.09,-169.1,1.8347999999999993,67.16573841595134,55.03,47.830752000000004,226.04,-256.52,1.5227999999999975,101.46314570404368,45.620000000000005,62.552671999999994,80.76,-67.74,2.538200000000001,25.68813902874243,15.1475,16.420896,3
1.29,-0.74,-0.010400000000000005,0.4681835537478864,0.48250000000000004,0.363888,2.32,-0.65,0.5202,0.8610377227508675,0.8225,0.7094879999999999,0.52,-0.54,-0.10000000000000002,0.23701476747240877,0.275,0.18760000000000002,152.91,-200.83,-25.372000000000003,62.98369728747274,52.885,43.95488,159.22,-170.36,3.0579999999999985,60.105759125062214,50.76,42.81456,281.3,-259.96,10.079600000000001,129.29066130173516,40.555,83.036384,0
0.49,-0.64,-0.0068,0.19735693552545855,0.0975,0.133248,2.04,-0.08,0.5252,0.6055682950749651,0.8525,0.540848,0.53,-2.1,-0.4194,0.6700310739062779,0.8674999999999999,0.5636080000000001,150.16,-317.18,-13.892800000000001,67.53559491231272,8.0,37.972768,270.46,-271.67,-3.849000000000002,93.49244168915476,26.7325,51.02776000000001,112.18,-257.4,-15.014000000000001,66.58914413025595,9.155000000000001,42.668800000000005,2
0.73,-0.29,0.163,0.2313892823792839,0.3,0.17796000000000003,0.83,-0.78,0.19279999999999997,0.3161141565953667,0.39,0.23366399999999998,1.06,-0.06,0.22260000000000002,0.17896156011836734,0.15500000000000003,0.11889599999999997,79.62,-92.11,-1.0172000000000003,34.756361376876036,33.14,25.481312000000003,222.26,-126.76,-2.3987999999999987,72.40919603586275,59.2725,50.94959999999999,63.38,-54.19,4.7872,28.103074710073983,37.2875,21.831888000000003,3
0.8,-0.8,0.1894,0.3437406580548772,0.2175,0.234176,1.06,-0.88,0.1996,0.4451559726657613,0.5249999999999999,0.351456,1.91,-1.93,0.1552,0.8491483733718155,0.58,0.579344,224.6,-320.99,-0.4806,147.61157125930205,97.2,102.15563199999998,183.29,-272.98,-13.075400000000002,101.78722195265966,50.765,68.287528,145.57,-223.68,-20.5464,72.40856470777473,54.8725,51.998160000000006,1
1.0,-1.06,-0.11320000000000001,0.3889752691367409,0.1275,0.246448,2.4,-0.81,0.35800000000000004,0.7458659396969405,0.12,0.55648,0.49,-0.82,-0.1296,0.2834357775581622,0.325,0.229424,68.46,-255.29,-32.622600000000006,74.30442788448075,29.965000000000003,51.50576000000001,154.35,-107.86,-3.4852000000000003,52.442004852598835,22.845000000000002,31.963455999999997,285.52,-259.96,17.7978,127.78810123466113,11.427499999999998,82.816968,0
0.44,-0.6,-0.11320000000000001,0.18928750619097923,0.16,0.14363199999999998,0.95,-0.69,0.179,0.35999583330922036,0.1225,0.23192000000000002,-0.06,-0.79,-0.31379999999999997,0.1788171132749883,0.20249999999999996,0.14052,117.03,-157.69,2.9477999999999995,59.328440676963695,50.022499999999994,40.380160000000004,252.03,-216.98,11.470799999999999,90.55040894087668,40.1325,61.787583999999995,62.87,-59.92,-0.26340000000000047,24.49078982883157,23.990000000000002,17.978607999999998,3
0.22,-1.02,-0.07759999999999999,0.23906952963520883,0.1875,0.165824,1.65,-0.13,0.6516000000000001,0.5783437040376597,1.0799999999999998,0.528864,0.56,-2.13,-0.5132,0.6563975624573876,0.9625000000000002,0.57264,72.69,-223.7,-21.509199999999996,56.336198552618015,18.075,38.971120000000006,270.07,-271.66,17.3416,108.53487742398755,104.0275,74.963856,281.88,-128.72,0.21899999999999747,78.85289831705617,32.6,47.29496000000001,2
1.12,-0.2,0.3356,0.3284275262519876,0.5800000000000001,0.297296,1.53,-0.98,0.568,0.6320221515105304,1.1375000000000002,0.5688799999999999,0.21,-1.36,-0.1858,0.4072350181406309,0.7,0.35639200000000004,66.96,-170.02,-13.0212,42.311268694757906,16.224999999999998,26.042128,186.51,-188.83,-3.3932000000000007,69.1786283020992,28.247500000000002,42.753167999999995,261.96,-254.63,2.5270000000000006,93.4452993627823,25.4675,55.84544000000001,2
0.58,-0.26,0.0996,0.16343757217971638,0.145,0.12041600000000001,0.91,-0.67,0.16700000000000004,0.3303104600220829,0.15999999999999998,0.22112,0.77,-0.13,0.17240000000000003,0.18431017334916705,0.27,0.145424,65.31,-92.6,-6.5076,37.02086987416692,33.9875,27.503712,203.56,-181.01,-0.30860000000000065,73.42703164393886,29.797500000000003,47.016376,58.53,-30.53,1.1676,20.583392194679668,21.67,15.13752,3
0.38,-1.25,-0.1486,0.260584036349121,0.2,0.17636799999999997,1.0,-0.62,0.22959999999999997,0.3459246160654081,0.1875,0.240336,0.02,-0.98,-0.251,0.2489678694129024,0.22000000000000003,0.18456000000000003,137.84,-204.22,-0.9057999999999994,73.87202412523973,68.1075,51.332471999999996,170.27,-199.93,2.7606,91.44524108798664,63.1425,63.163216000000006,75.21,-64.31,-0.21560000000000015,31.463270088151994,36.6825,24.072720000000004,3
0.64,-0.25,0.1618,0.19017560306201214,0.13749999999999998,0.134488,0.97,-0.81,0.1812,0.37735733728125653,0.20249999999999999,0.254448,0.6,-0.11,0.17800000000000005,0.1521709564930181,0.205,0.11839999999999998,89.52,-78.19,-6.904799999999999,32.11580123490616,23.447499999999998,22.511184000000004,267.58,-188.41,4.393000000000001,82.5214033145341,49.6675,53.125879999999995,157.27,-68.24,4.646400000000001,41.94158751215791,38.6025,28.579168,3
1.31,-1.44,0.012799999999999999,0.4323981498572814,0.34750000000000003,0.29774400000000006,2.41,-1.01,0.39760000000000006,0.8996811879771633,0.15999999999999998,0.687152,0.38,-1.96,-0.15460000000000002,0.41512027172856786,0.2225,0.28043999999999997,224.17,-321.3,-12.9682,107.57910324389212,20.3575,63.854935999999995,267.83,-204.6,-13.191199999999998,84.5563791239904,41.947500000000005,54.097344,283.23,-261.97,1.8341999999999987,129.92596167186912,35.7825,79.518472,0
1.39,-0.83,-0.0034000000000000002,0.44748010011619516,0.5625,0.3296880000000001,2.35,-0.5,0.6369999999999999,0.8997360724123492,1.22,0.7742000000000001,0.96,-1.29,0.016600000000000007,0.4673226294542133,0.355,0.315832,225.02,-318.37,5.9346000000000005,113.31320737160343,20.565,66.76884,205.4,-242.68,9.6352,91.58850083367452,44.045,57.72184,242.46,-260.96,-9.981,115.34711318884406,49.0925,77.23096000000001,0
1.51,-0.81,-0.0656,0.36725555135355,0.29,0.24516800000000002,1.65,-0.68,0.5286,0.6044038715958064,0.95,0.543176,0.53,-2.14,-0.48200000000000004,0.6171677243667235,0.725,0.5032800000000001,154.72,-312.34,-29.311199999999996,78.00378418102548,51.28,50.74918400000001,271.75,-273.28,4.393000000000002,98.20554644723484,64.62,61.984919999999995,176.34,-209.84,-13.283800000000001,74.93322608536216,28.75,48.90812,2
0.7,-0.51,0.1788,0.2282335645780436,0.09,0.14854399999999998,0.76,-0.55,0.20079999999999998,0.3074400104085348,0.17749999999999996,0.2128,0.82,-0.18,0.20619999999999997,0.2094840328044121,0.18500000000000003,0.15536000000000003,113.61,-93.99,-0.936799999999999,42.892728495165706,39.675,31.395712,226.22,-196.28,3.432999999999999,79.34211467436445,66.8675,52.8298,139.57,-61.59,4.504,35.20628949491838,17.972499999999997,21.34896,3
0.82,-1.57,-0.2238,0.5415566083060939,0.4325,0.41731999999999997,1.52,-0.74,0.34319999999999995,0.6062324306732525,0.8200000000000001,0.5070239999999999,0.89,-1.76,-0.1534,0.587525693055206,0.7,0.45836,222.73,-320.84,-4.358399999999998,136.4044324259296,87.62,91.36446400000001,270.19,-203.14,23.874600000000004,68.73479448459855,47.7475,46.344472,284.88,-247.99,-15.528999999999998,116.0130822321345,54.21,78.86316,1
1.29,-1.39,-0.03259999999999998,0.5983002924953321,0.7,0.47427199999999997,1.58,-0.83,0.49040000000000006,0.5525394465556283,0.725,0.46648,1.28,-2.19,0.047799999999999995,0.6876402838694079,0.565,0.48273599999999994,224.14,-319.54,17.9056,129.42681285050637,128.97,94.487568,266.21,-225.95,16.8926,96.54727361888578,60.529999999999994,67.81993599999998,283.55,-253.33,14.8628,116.97182696769339,89.57999999999998,81.610384,1
1.41,-0.48,0.42340000000000005,0.4402981262735512,0.535,0.3560640000000001,1.58,-0.95,0.6306,0.6195947385186547,1.055,0.553024,0.3,-1.57,-0.19680000000000003,0.43651547509796257,0.7825000000000001,0.3737599999999999,130.36,-117.71,-11.2766,46.47026725165243,36.2575,32.056847999999995,139.74,-149.34,-5.2696000000000005,61.55031083463349,36.96,43.669536,274.21,-253.87,6.2916,102.22551695853633,25.1475,59.397376,2
0.75,-0.51,0.1198,0.1947150738900304,0.2075,0.138576,1.01,-0.71,0.14479999999999998,0.3283671116296515,0.23,0.224624,0.39,-0.12,0.157,0.1358418197757966,0.21500000000000002,0.11776,64.42,-91.52,-3.7342,28.793496424713688,20.325000000000003,20.020096000000002,173.41,-146.88,-0.5479999999999999,66.50774312815012,53.8775,45.392799999999994,95.68,-49.38,3.1044000000000005,27.84984539705741,31.25,20.553328,3
1.49,-0.87,0.057999999999999996,0.4052505397898934,0.28500000000000003,0.26791999999999994,2.38,-0.94,0.3552,0.839336023294604,0.17250000000000001,0.621904,0.24,-1.3,-0.17800000000000005,0.3167459549860108,0.13,0.22504000000000005,222.75,-319.26,-12.480599999999999,110.20898497690648,23.0075,68.218112,183.01,-162.14,-12.031200000000002,81.96044523158717,75.1375,58.62543999999999,283.52,-261.97,1.8806,129.1657052070711,45.1175,82.09747200000001,0
0.93,-1.05,0.010999999999999996,0.47349868004039886,0.6375,0.38555999999999996,2.37,-0.59,0.9520000000000001,1.0392612760995188,2.0300000000000002,0.9777600000000001,0.37,-1.59,-0.17920000000000003,0.37979383881258527,0.3775,0.28303999999999996,222.84,-239.15,-9.307400000000003,100.90481209159452,55.197500000000005,67.166096,174.09,-166.49,-11.313799999999999,84.50221464293111,64.88,58.693000000000005,261.57,-261.84,0.19120000000000026,129.87664559327052,68.24000000000001,88.491952,0
1.48,-1.42,0.017600000000000008,0.5568466934444345,0.105,0.3431519999999999,1.8,-0.57,0.4722,0.5588426970087379,0.6674999999999999,0.4721040000000001,1.92,-1.53,0.0724,0.5839162953711773,0.195,0.38004799999999994,179.54,-319.56,-16.5196,87.40112287516678,28.387500000000003,51.110704,271.07,-272.78,5.977199999999999,113.59735567415291,53.2875,68.70910400000001,282.21,-260.08,-14.662599999999998,125.8114541337155,30.87,81.669344,1
0.9,-0.27,0.20240000000000002,0.2680489507534025,0.28750000000000003,0.21137599999999998,1.01,-0.67,0.2118,0.38612272660386104,0.19499999999999998,0.261688,0.97,-0.18,0.20579999999999998,0.20538831514962091,0.29500000000000004,0.15763200000000002,129.75,-124.2,-6.461400000000002,49.94387978561537,37.1575,35.130656,244.72,-219.43,0.3379999999999994,92.51029045462995,54.245,60.95888,81.27,-69.53,2.6585999999999994,33.58636342386594,42.2625,25.854376000000002,3
1.52,-0.44,0.37560000000000004,0.44996515420641187,0.765,0.399376,1.6,-1.0,0.5382,0.5937160600825955,0.9725000000000001,0.5220560000000001,0.34,-1.2,-0.0892,0.3842594956536533,0.4825,0.320608,95.76,-220.44,-8.220200000000002,48.914008892749735,37.375,31.69024,135.08,-163.0,-4.9812,61.851684201483145,38.660000000000004,41.66774399999999,285.66,-257.46,2.9024000000000023,100.52709345365555,22.1775,57.33768,2
0.28,-0.77,-0.1202,0.18974182459331418,0.1475,0.13060800000000003,0.76,-0.44,0.1812,0.27953990770550097,0.20750000000000002,0.19753600000000002,-0.02,-0.92,-0.32820000000000005,0.1774225464815563,0.18,0.131912,143.3,-163.42,-0.691,62.40334325178419,48.129999999999995,43.30556000000001,198.2,-242.48,6.086400000000001,98.97845530740516,50.807500000000005,66.82964799999999,62.37,-57.79,5.734000000000001,25.378277955763664,21.125,17.98272,3
1.22,-1.8,-0.0492,0.6171704464732576,0.47750000000000004,0.44457599999999997,2.14,-1.03,0.4872000000000001,0.62024846634232,0.755,0.495552,2.07,-2.16,0.1496,0.8009043888005609,0.4675000000000001,0.544512,182.81,-321.45,-59.0198,116.99337235057376,81.44250000000001,87.61410400000001,263.08,-272.65,-7.798400000000002,124.97130059913755,124.32,94.40987200000001,283.61,-259.96,-10.566799999999995,128.8275895985018,86.1875,90.14067200000001,1
0.76,-1.4,-0.2556,0.5708490518517132,0.6024999999999999,0.451792,1.2,-0.76,0.28040000000000004,0.5098351105994957,0.7375,0.42052800000000007,1.49,-1.88,-0.13180000000000003,0.6911749127391704,0.9450000000000001,0.5376479999999999,222.73,-322.91,-0.8144000000000031,140.02159869334443,72.035,94.367072,196.66,-141.59,17.308,63.93285690472466,47.6475,43.93064,284.75,-234.02,-17.073600000000003,116.66460160237123,61.0475,77.02155199999999,1
1.59,-1.04,-0.08,0.49163807826489603,0.195,0.2936,2.24,-0.61,0.40159999999999996,0.7072661733746355,0.1875,0.544032,0.73,-0.44,0.024999999999999994,0.22852789764052878,0.145,0.1616,213.67,-316.1,-0.7016000000000027,96.77721106458897,38.9075,58.859872,226.59,-272.57,11.2608,82.58035337391091,43.3525,53.361024,281.58,-261.99,-3.2883999999999998,134.28467785060215,24.07,87.553168,0
0.61,-0.33,0.08159999999999998,0.1653282794926506,0.135,0.112256,1.0,-0.71,0.1274,0.3239123955639858,0.0875,0.20120800000000003,0.69,-0.22,0.1336,0.16699413163342,0.17,0.118704,104.5,-237.83,-4.465200000000001,55.253925190523795,32.67,34.148399999999995,120.18,-179.25,-13.684599999999998,55.88515109436496,53.794999999999995,42.455487999999995,100.52,-62.18,5.425599999999999,32.11935467346752,16.247500000000002,20.884591999999998,3
0.47,0.02,0.1448,0.09170038167859498,0.020000000000000004,0.06168,0.86,-0.03,0.2218,0.16504169170243013,0.017499999999999988,0.09462400000000003,0.4,-0.12,0.27380000000000004,0.11008887318889225,0.010000000000000009,0.07176799999999997,43.03,-77.95,-4.045,16.793090156370866,5.412499999999999,9.2958,71.81,-163.43,-4.473,35.82003323560714,3.7775000000000003,17.112920000000003,49.66,-16.25,4.2004,11.805496848502395,4.795,6.604544,3
0.72,-0.55,0.1392,0.23316809387221057,0.16749999999999998,0.16499200000000003,0.81,-0.87,0.1968,0.3326405868200692,0.22499999999999998,0.22536,0.69,-0.17,0.1772,0.18948393071709274,0.24500000000000002,0.14313599999999999,92.78,-92.77,-2.6670000000000003,42.54075350766604,42.565,32.321239999999996,273.81,-149.24,6.455799999999999,90.10723999968037,78.7325,58.3326,85.39,-50.57,2.638399999999999,27.40933682962796,21.515,19.236416,3
1.01,-1.1,-0.06340000000000001,0.3832211372040953,0.18,0.21911999999999998,2.16,-0.62,0.3838000000000001,0.7408721617121269,0.020000000000000004,0.5607280000000001,0.24,-0.47,-0.0316,0.10040637429964294,0.019999999999999997,0.05129599999999999,219.45,-309.35,-14.776000000000002,97.30932086907194,8.197500000000002,58.718160000000005,156.1,-248.62,-0.0998000000000005,76.42012160393361,26.345000000000002,47.254504,268.15,-259.85,2.0887999999999995,111.7015047461761,6.09,64.935104,0
1.41,-1.05,0.012999999999999998,0.48337252714650625,0.20750000000000002,0.32876,2.25,-1.05,0.47480000000000006,0.8649999768786124,0.565,0.6919040000000001,0.51,-0.75,-0.11299999999999998,0.22165062598603236,0.15,0.14639999999999997,114.49,-156.67,-15.879799999999998,48.36423722090529,27.555,30.304128000000002,251.36,-227.21,-2.2732,77.31696288499697,59.0775,52.116304,283.84,-258.43,6.766399999999999,131.63123135122606,49.682500000000005,81.629936,0
1.06,-0.73,0.0862,0.33192101470078694,0.44,0.26336000000000004,2.32,-0.46,0.633,0.8751394174644404,1.2774999999999999,0.7759599999999999,0.87,-1.18,0.0502,0.4333843098221254,0.255,0.30221600000000004,225.02,-240.6,-5.1530000000000005,118.4889117217303,65.47500000000001,79.24724,247.85,-216.94,12.294999999999998,93.22963956274849,47.28,60.363600000000005,199.56,-228.51,-15.0118,98.4922461047569,102.77999999999999,72.659176,0
0.43,-0.66,-0.09760000000000002,0.2038093226523262,0.18,0.14256,0.85,-0.69,0.1596,0.3335983213387022,0.145,0.20675200000000005,0.32,-1.1,-0.21539999999999998,0.21334675999414665,0.19499999999999998,0.15189599999999998,128.9,-184.5,0.4254000000000008,61.19379178348078,39.915,38.393311999999995,183.94,-228.66,12.683800000000002,75.29967404683768,27.657500000000002,48.48452,116.47,-59.8,-0.16099999999999973,23.89592553135367,15.989999999999998,14.261119999999998,3
1.34,0.02,0.40379999999999994,0.36166774807826035,0.5800000000000001,0.326104,1.52,-0.17,0.5124,0.5313513338648921,0.845,0.46836799999999995,0.29,-1.42,-0.16179999999999997,0.42122530788166085,0.5375,0.344304,100.14,-304.39,-18.098399999999998,55.16123814273933,35.879999999999995,33.687824,154.27,-179.68,-6.7098,65.23816859753192,23.045,42.76774399999999,255.05,-231.09,12.6422,89.32266530483739,15.682500000000001,52.908455999999994,2
2.0,-0.94,-0.061000000000000006,0.3903088520646182,0.175,0.20524,1.63,-0.13,0.677,0.6059942243949195,1.1800000000000002,0.5550400000000001,0.51,-2.15,-0.5015999999999999,0.661617291188796,1.0875000000000001,0.597728,75.38,-321.77,-20.641199999999998,68.67151568561742,21.557499999999997,43.884671999999995,251.29,-273.25,-5.709599999999997,90.79898686571343,31.255,52.021488,116.26,-188.41,-14.757199999999997,60.43131737898819,16.29,41.632144,2
0.18,-1.08,-0.15539999999999998,0.20417845136056842,0.13499999999999998,0.13272799999999998,0.96,-0.78,0.21099999999999997,0.3467463049550781,0.21999999999999997,0.24451999999999996,0.21,-0.82,-0.28,0.21597222043586994,0.24,0.16640000000000005,139.9,-205.27,-0.05539999999999878,72.064418910028,44.0075,47.340104000000004,264.07,-265.03,2.8900000000000006,102.33083457101284,48.0775,62.7908,66.83,-52.57,7.792999999999998,27.29261389094126,29.807499999999997,20.49,3
0.57,-0.62,0.0014000000000000024,0.2951407122035183,0.47,0.244208,2.28,-0.32,0.6938,0.9047295507498361,1.555,0.8200639999999999,0.71,-0.97,0.053,0.4018370316434263,0.3725,0.29592,225.13,-163.95,2.0138,104.32029692998387,59.445,72.636576,272.79,-245.02,15.461400000000001,94.82413254040344,62.21000000000001,65.27722399999999,208.01,-213.67,-17.814,100.88115496959777,81.715,73.83143999999999,0
0.9,-0.88,0.023400000000000004,0.37428123116180967,0.345,0.259512,2.37,-0.55,0.6958000000000001,0.9420744981157275,1.4775,0.829824,0.98,-1.38,0.016800000000000002,0.4616337942568763,0.5275,0.32955199999999996,225.02,-320.05,-0.8123999999999981,117.0361848756187,30.2925,71.450544,213.62,-268.12,17.938000000000002,74.8553587126533,57.02,48.05952000000001,218.44,-259.44,-12.074200000000003,101.031667868842,24.1075,64.890048,0
0.53,-0.78,-0.11,0.2301217069291813,0.225,0.15840000000000004,0.88,-0.79,0.17579999999999998,0.31945008999842217,0.07750000000000001,0.19447200000000003,0.31,-0.84,-0.3142,0.21649101597987847,0.275,0.16594399999999998,152.65,-126.36,6.5257999999999985,57.01298543630214,59.6425,41.73828799999999,271.6,-273.26,14.9932,88.98839428689564,41.165,54.635808,182.18,-83.07,13.0996,36.70017591020512,19.6125,23.103072,3
0.9,-1.33,0.07139999999999999,0.4384381826438021,0.3225,0.295904,2.24,-0.85,0.41700000000000004,0.6799624989659356,0.7100000000000001,0.5460400000000001,1.33,-2.05,-0.04479999999999999,0.5884496240121154,0.43,0.38705599999999996,224.14,-321.54,-5.906999999999999,125.2320697784717,42.980000000000004,78.35532,231.34,-241.19,7.900600000000001,84.01320304356929,49.675,56.22672000000001,284.06,-107.42,30.0178,96.83205473994651,28.5425,63.793368,1
1.7,-0.63,0.3004,0.443382272987994,0.5325,0.35928,2.06,-1.01,0.49479999999999996,0.6305243532172251,0.9124999999999999,0.527936,0.36,-1.48,-0.05459999999999999,0.381980156552667,0.47250000000000003,0.308072,124.43,-243.67,-17.619600000000002,59.92378599387726,35.3925,39.41664,242.88,-182.16,-7.1613999999999995,78.00982043332749,50.272499999999994,50.382424,284.0,-254.79,0.6568000000000008,105.50439572719235,33.735,65.27776,2
0.88,-0.46,0.18299999999999997,0.32028268763703105,0.355,0.24960000000000002,1.28,-0.96,0.3495999999999999,0.4594908486575114,0.685,0.38510399999999995,1.77,-1.8,0.19680000000000003,0.8851179356447364,0.74,0.637072,224.6,-321.14,9.720400000000001,137.71598065526018,60.79,95.46577599999999,185.22,-265.47,-5.085600000000002,97.00702129557428,46.19,67.562768,152.61,-217.59,-17.9552,66.9003041021489,54.03,47.640448,1
0.72,-0.82,0.1154,0.2872992168454345,0.13749999999999998,0.188632,1.11,-1.03,0.14120000000000002,0.46933416666592687,0.3025,0.326928,1.29,-1.65,-0.0016000000000000025,0.7485088109033854,0.3175,0.49396799999999996,224.6,-320.99,2.5589999999999993,148.62539940736914,81.98500000000001,102.58184000000001,267.04,-260.37,-3.1595999999999997,107.41697897371718,33.057500000000005,69.88904,134.33,-220.81,-24.898600000000002,71.40930208341207,50.217499999999994,51.820952,1
0.74,-0.28,0.1506,0.21770999058380394,0.1275,0.15079199999999998,0.77,-0.66,0.17679999999999998,0.28367897348940047,0.20249999999999996,0.18814399999999998,1.33,-0.28,0.19519999999999998,0.22559468078835548,0.19749999999999998,0.14558400000000002,66.36,-81.06,-5.157,33.48678654335169,36.417500000000004,25.275959999999994,230.04,-144.3,3.3727999999999967,74.35388786176551,72.62,51.778400000000005,49.21,-34.05,2.7117999999999993,19.293711274920643,28.1475,15.929687999999999,3
1.8,-0.23,0.3814,0.4267974226726305,0.6025,0.36471200000000004,1.55,-0.95,0.49839999999999995,0.5966049279045555,0.9249999999999999,0.508208,0.25,-1.54,-0.1146,0.3788942332630572,0.49,0.303272,63.27,-109.66,-11.783199999999999,33.219720976552466,26.7275,23.174895999999993,143.72,-186.16,-6.931199999999999,58.269298009843915,40.0025,40.21264000000001,229.62,-255.96,4.002000000000001,95.4747235869264,38.1575,58.720000000000006,2
0.74,-1.17,-0.10580000000000002,0.28123363952415076,0.1375,0.18452,1.65,-0.09,0.5441999999999999,0.6025183482683328,0.9075,0.527608,0.79,-1.77,-0.3326,0.6431292560597752,0.9925,0.5622320000000001,61.55,-313.78,-33.0368,71.1272540012617,12.4725,51.565808000000004,270.6,-271.5,21.210000000000004,101.85992705671843,36.4275,61.7556,172.15,-154.98,-5.911399999999998,57.16905295734747,12.024999999999999,35.403728,2
0.59,-0.53,0.17299999999999996,0.24138972637624823,0.19749999999999998,0.1782,1.01,-0.63,0.2084,0.35090374748640113,0.33,0.24593600000000002,0.76,-0.44,0.15600000000000003,0.22402678411297164,0.31999999999999995,0.18032,140.74,-105.41,-6.186599999999999,48.3518746114357,40.614999999999995,34.80927199999999,219.34,-268.73,7.889199999999999,84.06398405595584,59.2475,54.809936,78.12,-101.1,0.2799999999999999,32.734687779173946,25.29,22.268400000000007,3
0.87,-0.68,0.22360000000000002,0.3182813849410613,0.27749999999999997,0.22472,1.17,-0.97,0.2186,0.41380193329659537,0.4575,0.32323999999999997,1.53,-1.94,0.1188,0.8806852786324976,0.61,0.6389279999999998,224.6,-320.99,10.254400000000002,139.07877401185272,128.3,99.00158400000001,270.76,-237.23,-20.0428,115.9554162778091,95.56,84.17489599999999,135.08,-261.48,-28.598399999999998,85.0034814901131,69.605,63.11281600000001,1
1.44,-1.6,-0.1576,0.5489064036791701,0.355,0.38504,1.67,-0.98,0.3016,0.6557480003781941,0.565,0.501776,1.52,-1.91,-0.1404,0.6947545177974735,0.49,0.508176,222.84,-322.75,-8.427399999999999,138.90276149609122,44.07,91.22448,262.06,-211.29,37.7034,93.43509177198897,101.7025,72.208088,283.08,-206.16,5.4352,96.52387827351325,61.307500000000005,63.065664000000005,1
1.09,-0.53,0.22620000000000004,0.3802993031810603,0.4075,0.31344,1.3,-0.79,0.349,0.4921798451785689,0.6825,0.4260399999999999,1.77,-1.97,0.10140000000000002,0.886327275897566,1.0099999999999998,0.65712,224.6,-320.99,5.017400000000003,143.20479490310373,102.89500000000001,99.383368,247.41,-267.17,-14.911800000000001,112.90495232167632,97.5375,80.86950400000002,110.34,-215.81,-19.0618,68.02707083771871,77.985,51.974304000000004,1
0.66,-1.32,-0.2332,0.48332365967330837,0.28500000000000003,0.37020800000000004,1.77,-0.82,0.33299999999999996,0.6933779633071706,0.6325000000000001,0.5578,0.87,-1.97,-0.1796,0.6510974120667352,0.6275,0.505824,222.72,-322.75,-2.6899999999999955,140.28790277140791,70.8725,94.2192,208.65,-89.68,34.5712,68.82533317434793,45.71249999999999,52.720832,283.08,-197.52,-12.316400000000002,102.85069918595595,86.495,72.317792,1
1.09,-1.41,-0.0554,0.5581584362884789,0.37,0.401344,1.91,-0.06,0.7404,0.6118266421135974,1.0250000000000001,0.552848,1.95,-0.67,0.2792,0.5375866069760296,0.5099999999999999,0.38590399999999997,93.79,-321.36,-43.592400000000005,86.09412371492029,57.0275,63.05256,249.11,-272.89,-10.691600000000001,97.2323533060884,62.9125,65.942192,283.76,-259.96,-13.397800000000002,131.7477799932887,154.875,100.21895999999998,1
1.68,-1.38,-0.18960000000000002,0.5657171024460902,0.1975,0.32758399999999993,1.83,-0.95,0.3126,0.6343368505770416,0.07749999999999999,0.45296,0.54,-0.88,-0.09799999999999999,0.2341537956130543,0.0775,0.13664,171.1,-286.06,-10.243599999999999,79.76426678055782,16.572499999999998,46.486672,271.03,-269.34,6.792400000000002,101.16478159043294,17.7575,62.07665599999999,283.42,-262.19,6.2886000000000015,135.42880635979927,27.134999999999998,82.61083199999999,0
0.88,-1.18,-0.0138,0.4404038601102402,0.4275,0.32419999999999993,2.44,-1.01,0.6468,1.0735351694285566,2.0275,0.941248,1.05,-1.17,-0.1284,0.41474020784100496,0.245,0.272416,225.02,-320.31,-1.2373999999999996,113.18316349722691,51.067499999999995,67.422824,272.96,-270.94,11.598799999999999,104.11939933825974,39.2475,61.01230399999999,226.17,-259.44,-16.644000000000002,99.36743927464367,15.020000000000001,65.78584,0
0.27,-0.87,-0.0434,0.19878239358655486,0.11250000000000002,0.134896,1.59,-0.58,0.3732,0.503028587656805,0.535,0.414352,0.37,-2.15,-0.371,0.5820833273681698,0.5025,0.42979999999999996,140.59,-322.31,-15.9074,77.80269652936201,28.159999999999997,45.901751999999995,270.39,-272.83,6.855399999999998,114.56451086108648,74.45,74.47084799999999,270.99,-244.91,-2.3608000000000002,87.64793957281597,25.085,50.475455999999994,2
1.39,-0.43,0.30519999999999997,0.4187659967093794,0.6375,0.35822399999999993,1.69,-0.97,0.5216,0.649533247801835,0.9875000000000002,0.56112,0.34,-1.31,-0.0874,0.40763125493514357,0.5325,0.33987199999999995,94.93,-143.21,-15.188799999999999,48.676519786854115,39.1075,34.145967999999996,168.66,-170.87,-4.2028,70.55491659806565,44.065,45.52673599999999,280.14,-244.65,0.6213999999999986,101.91619514110602,25.255,59.207224,2
1.52,-1.58,-0.083,0.6307146740008512,0.8125,0.49964,2.47,-1.04,0.9204000000000001,0.7508926953966193,1.06,0.597232,1.77,-2.07,0.28700000000000003,0.828734577533724,0.8125,0.60584,101.87,-319.18,-22.5218,88.25563550708816,79.53,60.82394400000001,268.48,-272.69,-1.5518000000000014,115.86623250438412,76.02749999999999,80.966528,252.2,-259.96,-3.865000000000001,114.85465257010705,52.7425,75.3676,1
0.68,-0.31,0.1796,0.21204678728997525,0.1725,0.149504,0.8,-0.94,0.18700000000000006,0.33497611855175585,0.27249999999999996,0.23168,1.26,-0.13,0.18960000000000002,0.23594033143996387,0.15749999999999997,0.146416,96.48,-100.24,-5.903,36.15977517905774,39.0125,26.869600000000002,244.83,-144.48,4.8382,78.68114858566821,68.8325,54.180128,71.92,-58.11,2.8053999999999997,25.53200307143958,24.4375,18.432632,3
1.02,-0.57,0.2404,0.3651791888922478,0.37,0.278096,1.22,-0.7,0.2378,0.47534109858079804,0.605,0.38727199999999995,1.57,-1.72,0.17220000000000002,0.7881403174562256,0.6874999999999999,0.572152,224.6,-320.99,2.6866,150.5614905161343,186.7225,110.67832000000003,177.48,-272.34,-11.449199999999998,107.35623921952556,92.995,76.26264,141.56,-250.9,-27.130399999999998,77.97164758962067,79.83250000000001,58.847728000000004,1
0.26,-0.6,-0.12440000000000001,0.1730567536965836,0.21,0.13796799999999998,0.86,-0.57,0.19879999999999998,0.32881386832066556,0.20500000000000002,0.2232,0.64,-0.69,-0.228,0.21828421839427606,0.2525,0.16664000000000004,119.86,-175.6,-2.816,63.34528124493568,25.7025,39.74328,272.16,-265.89,4.192399999999998,99.2618900194833,29.815,60.073775999999995,142.18,-64.88,6.5648,31.60720887645729,17.72,20.722912,3
0.43,-1.09,-0.09519999999999999,0.3128657219958748,0.1975,0.21847999999999998,1.63,-0.5,0.5476000000000001,0.6324604651675866,1.055,0.581616,0.83,-1.87,-0.38199999999999995,0.5990292146464978,0.71,0.49104,150.28,-226.37,-29.535,70.80854076310287,61.45000000000001,50.79500000000001,261.89,-273.23,-0.37220000000000153,105.02986305408572,50.4675,67.754728,284.55,-208.01,-2.6623999999999994,90.95051249025482,22.0,51.274864,2
0.91,-1.99,-0.21900000000000003,0.5925073839202343,0.2425,0.42900000000000005,1.46,-1.0,0.2866,0.5758041680988424,0.6525,0.466312,1.24,-1.83,-0.11599999999999998,0.6368422096563637,0.835,0.47503999999999996,221.31,-322.75,-5.1507999999999985,138.6317655638851,97.4325,96.51363200000002,251.05,-183.12,15.164999999999997,66.07902920745734,52.6475,43.1966,284.75,-260.73,-25.157200000000003,130.58134692275158,62.955,92.55750400000001,1
0.68,-0.68,-0.07200000000000001,0.366742416417845,0.4675,0.31056,2.37,-0.88,0.5438,0.7612959739812105,0.94,0.637016,1.21,-2.19,0.0644,0.5814676603217069,0.4575,0.39990400000000004,224.14,-321.38,-1.764799999999998,123.48265575764073,47.375,75.110832,266.16,-118.23,10.0986,71.72973910478136,37.2025,45.702152000000005,249.49,-79.79,29.495000000000005,69.15806056418876,46.5125,47.3296,1
0.88,-0.22,0.177,0.2262675407565124,0.21750000000000003,0.17044,1.01,-0.64,0.1742,0.3636596760709111,0.1075,0.247312,0.42,-0.49,0.11479999999999999,0.18858674396680164,0.1975,0.144656,111.07,-99.15,-5.577999999999999,43.175022177180175,55.195,34.38048,207.67,-157.55,-1.6116000000000017,85.10094754725121,77.4225,62.62959999999999,96.32,-63.17,3.006,29.205481540286236,19.835,19.88488,3
1.25,-1.45,-0.15440000000000004,0.5022276774531647,0.23,0.326464,2.28,-1.01,0.31500000000000006,0.806767004778951,0.0475,0.5968,0.44,-0.87,-0.12300000000000001,0.28466295860192276,0.2725,0.21528,92.29,-241.5,-21.125799999999998,72.2479819258642,13.5725,46.64144799999999,146.3,-173.46,-0.2628000000000004,55.5295176654723,25.855,34.707968,285.52,-259.96,7.359599999999998,136.35470318195848,19.927500000000002,85.50299199999998,0
1.52,-0.77,0.07119999999999999,0.4988412172224745,0.495,0.37273599999999996,2.36,-0.92,0.6141999999999999,0.9667762719471346,1.555,0.8276479999999999,0.58,-1.12,-0.143,0.3287871651996166,0.3275,0.2543599999999999,219.6,-319.41,-23.5992,104.64707609560813,40.5075,64.17888,150.03,-162.77,-16.271,67.07974499802455,58.37500000000001,49.16803999999999,282.53,-261.97,0.023599999999999115,132.652754977196,61.5125,86.93639999999998,0
0.8,-0.23,0.1382,0.194007113271653,0.215,0.148856,0.84,-0.54,0.17059999999999997,0.27769342808212083,0.25,0.19711999999999996,0.54,-0.19,0.1806,0.13913173613521826,0.18250000000000002,0.11210399999999998,111.71,-60.09,2.0599999999999996,38.97349360783557,45.2,30.42,228.56,-160.19,2.3298000000000005,78.1335575150652,81.38749999999999,55.1502,83.95,-35.39,4.9314,27.07129631251522,30.8075,19.549912000000003,3
0.31,-0.89,-0.1264,0.21204490090544503,0.1275,0.141232,0.84,-0.68,0.1984,0.3085797141744739,0.1775,0.20721599999999998,0.12,-1.1,-0.2766,0.23210868144039767,0.24500000000000002,0.176584,144.61,-195.56,-3.1482000000000023,75.00299102542512,35.015,49.299687999999996,256.25,-268.09,0.5311999999999979,111.53798789004578,41.2725,70.281248,71.48,-62.99,6.4380000000000015,25.258129780330137,20.28,17.775600000000004,3
0.98,-1.44,-0.06839999999999999,0.5336229380377122,0.3225,0.38108800000000004,1.98,-0.24,0.6926000000000001,0.707321171745905,1.3524999999999998,0.6441120000000001,1.17,-1.26,0.0724,0.597071386016781,0.435,0.42687999999999987,128.25,-321.61,-60.24319999999999,111.08714039779761,78.06750000000001,82.09395199999999,271.08,-260.12,-8.604400000000004,112.32931128000385,77.00999999999999,76.039632,283.31,-254.22,-3.3268000000000013,124.01846414852912,91.06,87.337232,1
0.51,-0.59,-0.0272,0.24445891270313708,0.3525,0.201264,1.62,-0.21,0.6946000000000001,0.604646045219846,1.18,0.554632,0.34,-1.97,-0.507,0.5902990767399183,0.9275000000000001,0.51572,92.4,-305.44,-15.179399999999998,63.38015463565863,16.31,39.396688,272.16,-273.28,11.071,109.52201866748075,40.072500000000005,67.8476,229.27,-171.7,-4.628399999999997,80.75381807345087,20.212500000000002,48.901088,2
0.28,-0.48,-0.10400000000000001,0.16533602148352305,0.185,0.12936,0.98,-0.68,0.18119999999999997,0.30845187631136234,0.18249999999999997,0.20864000000000002,0.71,-0.82,-0.23000000000000004,0.235457002444183,0.15999999999999998,0.1612,95.2,-159.4,-1.5223999999999998,58.85338486646287,40.269999999999996,40.160512,234.9,-250.94,8.1752,98.26880797567456,49.0125,64.01928000000001,200.03,-43.0,5.2044,36.86885787002359,23.697499999999998,21.593360000000004,3
1.83,-1.27,0.33999999999999986,0.49863814535191747,0.6724999999999999,0.39680000000000004,1.89,-1.01,0.43479999999999996,0.5677719260407298,0.7,0.47334399999999993,0.81,-1.35,-0.06659999999999998,0.39354090003454534,0.2775,0.295776,104.79,-89.91,-7.3420000000000005,40.234425906181386,23.455,27.510879999999997,138.35,-175.55,-4.119800000000001,57.53296392469277,40.1425,36.972544000000006,231.8,-255.59,2.463199999999999,92.34456348784155,23.004999999999995,56.16782399999999,2
1.03,-1.04,-0.0602,0.39869030587662896,0.32499999999999996,0.275864,2.14,-0.67,0.4332000000000001,0.7587395864194777,0.6,0.6083360000000001,0.37,-0.31,-0.0116,0.10991560398778691,0.060000000000000005,0.072752,114.48,-320.92,-20.381999999999998,87.67500400912452,21.0475,53.14592,203.37,-119.94,2.6869999999999994,64.72211168526565,45.9625,42.45439999999999,283.54,-257.92,5.501600000000002,122.56678622465387,34.415000000000006,81.090976,0
0.85,-1.13,-0.17820000000000003,0.37306133543962977,0.14,0.22664,2.34,-0.69,0.3889999999999999,0.7352013329694118,0.06,0.5327999999999999,0.54,-0.49,-0.020000000000000007,0.16661332479726823,0.0575,0.0992,116.14,-301.64,-13.062199999999997,95.71676961306207,31.41,59.32992,189.84,-232.87,4.158199999999998,71.33245756848702,17.09,40.942311999999994,283.4,-229.03,6.3561999999999985,108.8526130120908,6.44,65.07532800000001,0
1.45,-0.18,0.40299999999999997,0.41676492174846,0.645,0.36243999999999993,1.77,-0.96,0.5422,0.6239143851523221,1.125,0.550152,0.43,-1.05,-0.11599999999999999,0.35012569171656055,0.53,0.29664000000000007,115.33,-220.63,-13.8912,48.85085045892241,25.52,29.962688000000004,181.43,-197.05,-6.7402,70.76336932311801,63.435,49.428608000000004,261.86,-257.01,0.2935999999999981,105.03751407492467,50.32,63.972944000000005,2
0.36,-1.53,-0.0874,0.33911537859554525,0.19,0.22455199999999997,2.06,-0.44,0.5844,0.6506924311838889,1.0574999999999999,0.5911040000000001,0.77,-2.15,-0.3992,0.6385760408909811,0.7475,0.518976,198.32,-320.46,-18.9082,73.38877193930962,51.9,46.813952,268.36,-273.25,5.6268,93.71862648246612,34.545,57.83974400000001,284.53,-233.98,-4.451999999999999,96.15390290570632,28.53,53.85656000000001,2
1.44,-0.43,0.3696,0.4060392099292875,0.6025,0.34918400000000005,1.72,-0.1,0.6518,0.5888928255633616,1.2275,0.5432159999999999,0.26,-1.62,-0.18320000000000003,0.4186475367179413,0.5874999999999999,0.35876800000000003,129.26,-100.03,-4.3296,42.634074914790865,29.25,28.494416,158.69,-174.12,-6.000199999999998,66.73043597909428,47.599999999999994,44.18225600000001,282.69,-233.76,7.8076,96.89018663538634,27.8075,58.744752,2
1.23,-0.21,0.4092,0.36324559185212424,0.5875,0.32196800000000003,1.76,-0.97,0.583,0.6682671621440036,1.0574999999999999,0.58764,0.39,-1.36,-0.15019999999999997,0.38471542729659286,0.47750000000000004,0.328656,91.37,-252.91,-15.152000000000001,53.18882762385349,27.220000000000002,34.7672,153.98,-173.8,-2.0640000000000005,70.87771077002982,50.53,46.90208,285.18,-251.2,5.8514,95.80648462416309,29.877499999999998,57.161848,2
1.32,-1.3,-0.005999999999999997,0.5014498977963802,0.45999999999999996,0.36984,2.31,-0.63,0.7564,0.9844343756696025,1.8875,0.8964799999999999,0.49,-1.69,-0.1582,0.39756101418524425,0.285,0.279696,221.12,-290.02,-18.5246,98.63232778779987,42.347500000000004,67.196872,248.28,-142.05,-12.962200000000001,82.78971828168036,58.52,54.696784,254.78,-261.96,0.7321999999999985,127.32489202492967,40.7875,83.06882399999999,0
0.2,-0.85,-0.08,0.2352275494069519,0.27,0.1888,1.74,-0.22,0.6079999999999999,0.6415418926305593,1.0975,0.57376,0.55,-2.02,-0.4746,0.5850579800327484,0.8200000000000001,0.48770399999999997,131.9,-309.19,-17.057399999999998,75.05125445480574,14.7275,47.480344,270.4,-271.54,2.3705999999999987,103.50047774595053,62.33,65.51608,284.35,-224.34,-5.520599999999999,85.58140051226084,18.8175,48.86964000000001,2
0.2,-0.77,-0.1256,0.18291156333047945,0.1075,0.127568,0.88,-0.63,0.17560000000000003,0.3398715051309833,0.21000000000000002,0.22912000000000002,-0.01,-1.06,-0.2968,0.2115792050273372,0.2075,0.156816,117.1,-204.15,-2.9407999999999985,66.66819256107068,43.2275,44.322672000000004,270.12,-271.33,7.046,102.38973645829938,41.315,64.45312000000001,161.89,-59.46,6.417999999999998,34.854271531621485,16.189999999999998,21.658079999999998,3
0.82,-1.57,-0.1802,0.5379981040858787,0.4125,0.408672,1.83,-0.85,0.3184,0.6864411409582033,0.72,0.539696,1.32,-2.19,-0.05260000000000001,0.6678377347829336,0.36250000000000004,0.44504800000000005,222.39,-322.91,1.2333999999999983,143.04664314285745,142.9,103.51328000000001,242.09,-231.62,42.73459999999999,86.68103601618984,90.19,66.44272,284.75,-131.16,-0.00040000000000116386,92.51173179570253,60.4775,59.567184,1
1.49,-0.56,0.36499999999999994,0.428337483767181,0.6000000000000001,0.35619999999999996,1.98,-1.01,0.484,0.5832460887138463,0.8225,0.49712,0.36,-1.6,-0.0674,0.365906053516473,0.2975,0.26796000000000003,145.53,-305.08,-11.4652,58.45000958904969,24.172500000000003,32.61248,139.42,-138.31,-2.8542,57.220239778945356,33.732499999999995,38.486072,252.99,-257.09,1.7039999999999997,99.02234584173412,24.85,56.73327999999999,2
1.12,-1.37,0.06380000000000001,0.485324180316621,0.325,0.344768,1.54,-0.7,0.3302000000000001,0.5241850436630179,0.5125,0.4178720000000001,0.96,-2.21,-0.09759999999999999,0.6523359870496185,0.35,0.39691200000000004,224.13,-321.6,-13.136999999999999,104.09244722360984,7.807500000000001,62.515719999999995,271.07,-115.69,17.993399999999998,75.91915649188945,26.072499999999998,52.26636799999999,151.17,-261.55,-15.62,93.56822507667867,20.8825,61.79639999999999,1
0.95,-0.83,0.07279999999999999,0.40846072026573127,0.6224999999999999,0.35296,2.5,-0.53,0.9344,1.028099528255898,2.09,0.9567039999999999,0.48,-1.16,-0.09699999999999999,0.32349497677707456,0.26,0.23052,222.73,-308.87,-6.8074,103.74407924908293,43.845,65.1934,152.77,-187.36,-15.8122,86.53322636513676,79.785,65.7338,252.0,-260.17,-4.4392000000000005,119.28008975248132,58.575,80.832736,0
1.74,-1.34,-0.176,0.6158473836917714,0.28250000000000003,0.35919999999999996,1.83,-0.32,0.3748,0.5667706414414917,0.1225,0.439488,0.89,-0.69,-0.048999999999999995,0.28376222440628,0.1525,0.1846,222.97,-211.64,-1.0650000000000004,76.47471347445506,35.75749999999999,46.068200000000004,208.69,-194.49,12.640800000000002,81.74420030411943,38.365,55.94235200000001,281.75,-262.06,-1.4732000000000003,143.5553947358301,14.260000000000002,91.167408,0
1.42,-0.82,0.032799999999999996,0.44401369348253217,0.25,0.29992,2.34,-1.05,0.4468000000000001,0.82905112025737,0.4275,0.642064,0.79,-0.82,-0.085,0.29191950945423295,0.15500000000000003,0.20239999999999994,63.3,-302.52,-27.295,72.3741905723304,24.9075,47.8326,162.79,-163.61,-7.678999999999999,61.711075740097094,55.6775,43.188,285.52,-260.08,5.547400000000001,129.16780929953097,33.480000000000004,76.14147200000001,0
1.28,-1.84,-0.05800000000000002,0.5006156210107712,0.1575,0.29344,1.92,-0.96,0.36839999999999995,0.6587301723771274,0.545,0.506688,1.77,-1.02,0.028399999999999984,0.48009732346681544,0.2525,0.306896,46.41,-321.59,-60.53119999999999,101.35167964350664,96.12750000000001,80.327984,260.66,-274.4,-17.0122,117.57105794012402,82.91000000000001,82.585216,283.37,-260.08,-9.204599999999997,128.87635803684086,38.7875,85.51970400000002,1
1.53,-1.03,-0.08639999999999999,0.47038180236909677,0.105,0.265328,1.93,-0.62,0.3766,0.6532644487495091,0.044999999999999984,0.512832,0.75,-0.52,-0.005399999999999999,0.2304969414113775,0.08,0.14862399999999998,223.88,-316.18,-6.978000000000001,100.29451735763027,17.275,59.77488000000001,243.21,-269.1,9.312399999999998,81.76161137257509,29.125,51.008656,283.29,-261.32,3.0662000000000016,136.74492717303994,29.535,86.69764799999999,0
0.45,-0.65,-0.1314,0.21589821675965737,0.2,0.15448800000000001,0.98,-0.69,0.20199999999999999,0.33075670817082453,0.22250000000000003,0.22872000000000003,0.08,-0.95,-0.31039999999999995,0.22397285549816073,0.265,0.18206399999999998,202.1,-215.45,-0.5363999999999997,77.8211106772449,45.035,52.323152,225.28,-273.27,-2.1618,106.60880178840769,47.95,66.6186,99.39,-87.29,8.872000000000002,35.57319473985996,29.224999999999998,25.00664,3
0.72,-0.56,0.21779999999999997,0.286951494158856,0.3,0.20913600000000002,1.32,-0.87,0.2578,0.5364151004585908,0.7425,0.44852,1.29,-1.54,0.049,0.7798852479692124,0.34750000000000003,0.5731200000000002,224.6,-320.99,-3.1294000000000013,140.70477774986892,64.475,95.32794399999999,204.66,-271.42,-4.904000000000002,108.23996895786694,52.4625,71.4288,108.58,-177.56,-23.233399999999996,64.8924721554049,43.870000000000005,49.743424000000005,1
0.59,-0.79,0.1374,0.2575252220657231,0.2525,0.184008,0.79,-0.92,0.21719999999999998,0.30334165556349163,0.28,0.21344000000000002,1.45,-0.21,0.2132,0.2612848254300276,0.27,0.17627199999999998,117.53,-122.72,-4.9656,42.53685108984914,41.8325,30.345600000000005,236.57,-211.22,7.2616,88.94504225329257,94.365,64.4924,94.55,-59.23,1.8604000000000007,28.608474545840433,21.58,20.390416,3
1.1,-0.51,0.18560000000000001,0.33988915840314765,0.31999999999999995,0.24351999999999996,1.18,-0.97,0.254,0.42859771347966846,0.295,0.33448,1.61,-1.91,0.1636,0.8438311679477122,0.61,0.5855200000000002,224.6,-319.08,5.825799999999999,133.75370196132891,78.32,91.27771999999999,243.9,-272.33,-12.371599999999999,107.3407859177489,46.042500000000004,71.936304,115.18,-220.74,-19.983400000000003,74.08989938203453,63.2575,55.005959999999995,1
1.5,-1.22,-0.11919999999999999,0.4954022204229609,0.18,0.299952,2.32,-1.02,0.2784,0.6927463027689141,0.10499999999999998,0.43777599999999994,0.92,-0.75,0.0046,0.3328555843004591,0.08499999999999999,0.20586400000000002,223.32,-320.8,-12.546600000000002,117.63177029374334,31.775,72.933912,271.15,-272.81,0.8297999999999979,115.7970104534655,39.1125,73.67903999999999,279.02,-262.19,3.5894,116.43323713459144,19.682499999999997,68.784152,0
0.7,-1.62,-0.29819999999999997,0.5605022390677846,0.45999999999999996,0.44260799999999995,1.21,-0.63,0.31679999999999997,0.5032154210673595,0.7725,0.42777599999999993,0.9,-2.02,-0.19240000000000004,0.6413097847374544,0.8225,0.5128640000000001,222.84,-322.91,-12.1592,135.94910463611004,61.2025,89.57614400000003,229.51,-133.11,23.769800000000004,60.112863631339344,53.8875,43.472151999999994,284.89,-229.62,-8.183599999999998,108.20035029074536,31.020000000000003,66.917152,1
0.78,-1.68,-0.24,0.5608671857044233,0.7575000000000001,0.46399999999999997,1.5,-0.83,0.3982,0.6201505946139212,1.1275,0.536896,1.28,-1.73,-0.11220000000000001,0.7130029172450839,0.975,0.566504,222.72,-322.64,-2.1761999999999997,143.42154718019185,128.245,104.64155199999999,225.37,-134.29,22.7014,66.9885758920131,52.97,48.840303999999996,284.89,-238.2,-17.1146,117.97822696091005,82.56,83.656504,1
1.13,-1.18,-0.0532,0.3829278783269769,0.0375,0.20430399999999996,2.33,-1.02,0.3198,0.7204040255301187,0.04000000000000001,0.480064,0.22,-0.84,-0.038400000000000004,0.17136347335415444,0.03,0.09457600000000001,64.02,-275.7,-13.832,56.80374374986212,11.4925,30.27128,154.94,-239.82,-11.821800000000001,56.14522585901672,19.1175,32.188192,285.52,-123.1,38.8098,94.58625736310745,11.545,64.408072,0
0.81,-0.58,0.11800000000000001,0.2517300141024109,0.1275,0.15776,0.91,-0.68,0.1926,0.3357785579812982,0.285,0.23132800000000003,1.2,-0.25,0.2094,0.2631760627412759,0.26,0.18349600000000005,84.02,-88.05,-6.4168,36.57753952578003,29.2,25.535328,231.16,-204.58,6.5264,83.00172997618785,57.412499999999994,55.817776,99.4,-35.92,4.6664,24.9195226888478,15.219999999999999,16.234560000000002,3
